<?xml version="1.0" encoding="UTF-8"?>
<beans xmlns="http://www.springframework.org/schema/beans"
       xmlns:xsi="http://www.w3.org/2001/XMLSchema-instance"
       xmlns:tx="http://www.springframework.org/schema/tx"
       xmlns:p="http://www.springframework.org/schema/p"
       xsi:schemaLocation="http://www.springframework.org/schema/beans
           http://www.springframework.org/schema/beans/spring-beans.xsd
           http://www.springframework.org/schema/tx
           http://www.springframework.org/schema/tx/spring-tx.xsd">

   <tx:annotation-driven/>
    
    <bean class="org.springframework.jdbc.datasource.DriverManagerDataSource" name="datasource">
        <property name="driverClassName" value="com.mysql.cj.jdbc.Driver"/>
        <property name="url" value="jdbc:mysql://localhost:3306/secondhiber"/>
        <property name="username" value="root"/>
        <property name="password" value="Yash@1234"/>
    </bean>
    
    <bean class="org.springframework.orm.hibernate5.LocalSessionFactoryBean" name="localSession">
        <property name="dataSource" ref="datasource"/>
        <property name="hibernateProperties">
            <props>
                <prop key="hibernate.dialect">org.hibernate.dialect.MySQL8Dialect</prop>
                <prop key="hibernate.show_sql">true</prop>
                <prop key="hibernate.hbm2ddl.auto">update</prop>
            </props>
        </property>
        <property name="annotatedClasses">
            <list>
                <value>com.railworld.model.Student</value>
            </list>
        </property>
    </bean>
    
    <bean class="org.springframework.orm.hibernate5.HibernateTemplate" name="hibernateTemplate">
        <property name="sessionFactory" ref="localSession"/>
    </bean>

    <bean class="org.springframework.orm.hibernate5.HibernateTransactionManager" id="transactionManager"> 
        <property name="sessionFactory" ref="localSession"/> 
    </bean>
    
    <bean class="com.railworld.service.StudentDao" name="studentdao">
        <property name="hibernateTemplate" ref="hibernateTemplate"/>
    </bean>   
</beans>
