<?xml version="1.0" encoding="UTF-8"?>
<beans xmlns="http://www.springframework.org/schema/beans"
	xmlns:xsi="http://www.w3.org/2001/XMLSchema-instance"
	xmlns:p="http://www.springframework.org/schema/p"
	xsi:schemaLocation="http://www.springframework.org/schema/beans  
               http://www.springframework.org/schema/beans/spring-beans-3.0.xsd">

	<bean
		class="org.springframework.jdbc.datasource.DriverManagerDataSource" name="ds" >
		<property name="driverClassName" value="com.mysql.cj.jdbc.Driver" />
		<property name="url" value="jdbc:mysql://localhost:3306/jdbc_connect" />
		<property name="username" value="root" />
		<property name="password" value="Yash@1234" />
		</bean>
		
		<bean class="org.springframework.jdbc.core.JdbcTemplate" id="jdbcTemplate">
		<property name="dataSource" ref="ds" />
		</bean>
		
		<bean class="railworld.dao.EmployeeDaoImp" id="employeeDao">
		<property name="jdbctemplate" ref="jdbcTemplate" />
		</bean>
		
		
	



</beans>