<?xml version="1.0" encoding="UTF-8"?>
<beans xmlns="http://www.springframework.org/schema/beans"
       xmlns:xsi="http://www.w3.org/2001/XMLSchema-instance"
       xmlns:context="http://www.springframework.org/schema/context"
       xmlns:p="http://www.springframework.org/schema/p"
       xsi:schemaLocation="http://www.springframework.org/schema/beans  
           http://www.springframework.org/schema/beans/spring-beans.xsd
           http://www.springframework.org/schema/context
           http://www.springframework.org/schema/context/spring-context.xsd">
           
           <context:component-scan base-package="com.springmvcController"></context:component-scan>
           <bean class="org.springframework.web.servlet.view.InternalResourceViewResolver" id="viewResolver">
           
           <property name="prefix" value="/WEB-INF/views/"></property>
           <property name="suffix" value=".jsp"></property>
           
           
           </bean>
 
           </beans>